id,idActividad,idParticipante,horas,valoracion
A001,T001,P001,2,5
A002,T002,P001,1,4
A003,T003,P002,2,4
A004,T001,P002,1,5
A005,T002,P003,2,3
A006,T004,P003,1,4
A007,T001,P004,2,5
A008,T005,P004,2,4
A009,T003,P005,1,5
A010,T004,P005,2,4
A011,T002,P006,1,3
A012,T006,P006,2,4
A013,T001,P007,2,4
A014,T005,P007,1,5
A015,T003,P008,2,5
A016,T006,P008,2,4
A017,T001,P009,2,5
A018,T002,P009,1,4
A019,T003,P010,2,4
A020,T004,P010,1,5
A021,T005,P011,1,4
A022,T006,P011,2,3
A023,T001,P012,2,4
A024,T002,P012,1,5
A025,T003,P013,2,5
A026,T004,P013,2,4
A027,T005,P014,1,5
A028,T006,P014,2,4
A029,T001,P017,1,5
A030,T002,P018,2,4
A031,T003,P019,2,5
A032,T004,P020,1,4